filename,label
84_4.png,84
11_2.png,11
52_4.png,52
16_4.png,16
97_4.png,97
27_0.png,27
49_3.png,49
51_4.png,51
23_0.png,23
9_0.png,9
38_0.png,38
13_0.png,13
57_3.png,57
35_1.png,35
63_2.png,63
60_0.png,60
0_0.png,0
79_0.png,79
75_3.png,75
1_1.png,1
37_2.png,37
72_1.png,72
76_2.png,76
35_0.png,35
20_4.png,20
98_2.png,98
77_1.png,77
97_3.png,97
56_4.png,56
81_2.png,81
1_3.png,1
75_4.png,75
6_2.png,6
46_2.png,46
31_4.png,31
24_1.png,24
14_2.png,14
71_4.png,71
34_2.png,34
63_1.png,63
24_2.png,24
43_1.png,43
9_1.png,9
16_2.png,16
57_0.png,57
44_3.png,44
27_3.png,27
66_4.png,66
14_3.png,14
67_3.png,67
92_1.png,92
69_0.png,69
35_2.png,35
25_4.png,25
54_1.png,54
80_0.png,80
88_0.png,88
67_4.png,67
44_1.png,44
59_1.png,59
74_1.png,74
20_1.png,20
20_3.png,20
13_3.png,13
39_4.png,39
98_4.png,98
68_0.png,68
51_2.png,51
41_4.png,41
55_2.png,55
75_2.png,75
70_3.png,70
68_3.png,68
23_4.png,23
99_1.png,99
46_0.png,46
11_0.png,11
91_4.png,91
97_0.png,97
45_3.png,45
19_3.png,19
58_2.png,58
43_4.png,43
77_2.png,77
60_4.png,60
11_4.png,11
3_0.png,3
86_4.png,86
24_3.png,24
96_0.png,96
77_3.png,77
12_0.png,12
49_4.png,49
28_0.png,28
52_3.png,52
30_0.png,30
86_1.png,86
54_4.png,54
70_2.png,70
45_4.png,45
18_1.png,18
32_3.png,32
50_1.png,50
86_2.png,86
42_3.png,42
53_4.png,53
85_0.png,85
31_3.png,31
76_1.png,76
94_2.png,94
17_1.png,17
16_3.png,16
60_1.png,60
88_1.png,88
3_2.png,3
5_2.png,5
17_3.png,17
33_3.png,33
60_2.png,60
55_4.png,55
18_4.png,18
50_3.png,50
29_1.png,29
68_2.png,68
41_0.png,41
47_2.png,47
61_1.png,61
55_3.png,55
40_1.png,40
33_2.png,33
92_0.png,92
66_1.png,66
3_1.png,3
64_2.png,64
29_4.png,29
30_1.png,30
51_0.png,51
87_1.png,87
44_4.png,44
95_0.png,95
2_1.png,2
86_3.png,86
21_4.png,21
99_3.png,99
19_2.png,19
80_4.png,80
37_0.png,37
67_1.png,67
62_0.png,62
69_1.png,69
98_3.png,98
34_1.png,34
32_1.png,32
21_0.png,21
84_1.png,84
99_2.png,99
20_2.png,20
9_3.png,9
84_0.png,84
74_2.png,74
67_2.png,67
38_2.png,38
61_2.png,61
58_4.png,58
79_4.png,79
15_3.png,15
8_0.png,8
55_0.png,55
18_2.png,18
83_2.png,83
56_2.png,56
3_3.png,3
22_1.png,22
42_1.png,42
45_1.png,45
45_0.png,45
95_2.png,95
64_0.png,64
26_4.png,26
50_4.png,50
91_2.png,91
48_1.png,48
90_0.png,90
59_0.png,59
94_0.png,94
28_1.png,28
34_0.png,34
9_2.png,9
92_3.png,92
13_2.png,13
91_3.png,91
10_1.png,10
56_1.png,56
52_2.png,52
63_4.png,63
27_1.png,27
0_2.png,0
17_0.png,17
39_2.png,39
74_4.png,74
95_3.png,95
88_4.png,88
86_0.png,86
46_3.png,46
22_2.png,22
10_3.png,10
38_1.png,38
53_2.png,53
6_4.png,6
7_4.png,7
82_4.png,82
5_0.png,5
73_4.png,73
40_3.png,40
41_2.png,41
5_1.png,5
46_4.png,46
70_4.png,70
19_1.png,19
10_2.png,10
84_2.png,84
51_3.png,51
29_0.png,29
27_2.png,27
69_4.png,69
93_4.png,93
96_3.png,96
59_3.png,59
82_0.png,82
83_4.png,83
53_3.png,53
75_0.png,75
37_4.png,37
4_3.png,4
47_0.png,47
68_4.png,68
81_1.png,81
88_2.png,88
69_2.png,69
28_4.png,28
48_3.png,48
56_0.png,56
38_4.png,38
70_1.png,70
87_0.png,87
14_4.png,14
53_0.png,53
30_2.png,30
96_2.png,96
81_3.png,81
52_1.png,52
41_3.png,41
49_2.png,49
65_2.png,65
39_3.png,39
70_0.png,70
40_0.png,40
46_1.png,46
39_1.png,39
21_1.png,21
62_1.png,62
76_4.png,76
65_3.png,65
7_0.png,7
62_3.png,62
88_3.png,88
26_2.png,26
72_4.png,72
7_2.png,7
89_0.png,89
31_0.png,31
49_0.png,49
93_1.png,93
54_0.png,54
25_0.png,25
94_4.png,94
82_2.png,82
15_2.png,15
0_1.png,0
12_1.png,12
34_3.png,34
15_1.png,15
73_1.png,73
85_4.png,85
20_0.png,20
32_0.png,32
87_3.png,87
56_3.png,56
42_2.png,42
42_0.png,42
48_0.png,48
22_0.png,22
72_2.png,72
6_3.png,6
65_1.png,65
13_1.png,13
29_2.png,29
43_0.png,43
90_1.png,90
13_4.png,13
74_3.png,74
17_4.png,17
66_3.png,66
35_4.png,35
81_0.png,81
11_3.png,11
30_3.png,30
67_0.png,67
72_0.png,72
64_4.png,64
25_1.png,25
54_3.png,54
92_4.png,92
4_1.png,4
80_3.png,80
36_3.png,36
73_0.png,73
6_1.png,6
91_0.png,91
63_3.png,63
95_4.png,95
66_2.png,66
75_1.png,75
38_3.png,38
39_0.png,39
62_2.png,62
15_4.png,15
33_4.png,33
47_4.png,47
8_3.png,8
19_4.png,19
45_2.png,45
76_0.png,76
4_2.png,4
11_1.png,11
21_2.png,21
1_0.png,1
52_0.png,52
40_4.png,40
73_2.png,73
19_0.png,19
8_2.png,8
0_4.png,0
8_4.png,8
71_2.png,71
87_4.png,87
14_1.png,14
94_3.png,94
53_1.png,53
90_4.png,90
22_4.png,22
55_1.png,55
12_3.png,12
57_4.png,57
41_1.png,41
21_3.png,21
76_3.png,76
97_1.png,97
26_3.png,26
77_4.png,77
42_4.png,42
85_2.png,85
27_4.png,27
1_4.png,1
18_0.png,18
83_1.png,83
58_0.png,58
8_1.png,8
59_2.png,59
96_4.png,96
1_2.png,1
80_2.png,80
47_1.png,47
44_2.png,44
58_3.png,58
7_3.png,7
57_2.png,57
78_1.png,78
61_3.png,61
28_3.png,28
50_2.png,50
85_3.png,85
24_4.png,24
30_4.png,30
78_3.png,78
87_2.png,87
82_3.png,82
33_0.png,33
80_1.png,80
98_1.png,98
58_1.png,58
14_0.png,14
3_4.png,3
79_2.png,79
64_1.png,64
25_3.png,25
68_1.png,68
64_3.png,64
33_1.png,33
40_2.png,40
89_1.png,89
65_4.png,65
5_4.png,5
50_0.png,50
43_3.png,43
44_0.png,44
83_0.png,83
89_3.png,89
0_3.png,0
5_3.png,5
36_2.png,36
92_2.png,92
31_1.png,31
78_0.png,78
7_1.png,7
69_3.png,69
48_4.png,48
48_2.png,48
2_2.png,2
78_2.png,78
96_1.png,96
32_4.png,32
63_0.png,63
98_0.png,98
66_0.png,66
82_1.png,82
89_4.png,89
90_3.png,90
61_4.png,61
12_2.png,12
65_0.png,65
71_3.png,71
73_3.png,73
16_1.png,16
34_4.png,34
18_3.png,18
31_2.png,31
74_0.png,74
2_0.png,2
60_3.png,60
97_2.png,97
37_1.png,37
6_0.png,6
91_1.png,91
62_4.png,62
32_2.png,32
28_2.png,28
81_4.png,81
4_4.png,4
72_3.png,72
61_0.png,61
23_2.png,23
79_3.png,79
93_2.png,93
29_3.png,29
26_1.png,26
54_2.png,54
36_0.png,36
37_3.png,37
2_3.png,2
94_1.png,94
47_3.png,47
9_4.png,9
23_3.png,23
10_4.png,10
22_3.png,22
95_1.png,95
83_3.png,83
35_3.png,35
51_1.png,51
2_4.png,2
85_1.png,85
10_0.png,10
43_2.png,43
99_4.png,99
89_2.png,89
79_1.png,79
16_0.png,16
93_0.png,93
49_1.png,49
99_0.png,99
36_4.png,36
78_4.png,78
15_0.png,15
17_2.png,17
57_1.png,57
26_0.png,26
25_2.png,25
4_0.png,4
71_1.png,71
90_2.png,90
77_0.png,77
59_4.png,59
84_3.png,84
12_4.png,12
93_3.png,93
23_1.png,23
24_0.png,24
36_1.png,36
71_0.png,71
